date,close,high,low,open,volume,vix
2023/1/3,3824.139893,3878.459961,3794.330078,3853.290039,3959140000,22.9
2023/1/4,3852.969971,3873.159912,3815.77002,3840.360107,4414080000,22.01
2023/1/5,3808.100098,3839.73999,3802.419922,3839.73999,3893450000,22.46
2023/1/6,3895.080078,3906.189941,3809.560059,3823.370117,3923560000,21.13
2023/1/9,3892.090088,3950.570068,3890.419922,3910.820068,4311770000,21.97
2023/1/10,3919.25,3919.830078,3877.290039,3888.570068,3851030000,20.58
2023/1/11,3969.610107,3970.070068,3928.540039,3932.350098,4303360000,21.09
2023/1/12,3983.169922,3997.76001,3937.560059,3977.570068,4440260000,18.83
2023/1/13,3999.090088,4003.949951,3947.669922,3960.600098,3939700000,18.35
2023/1/17,3990.969971,4015.389893,3984.570068,3999.280029,4235560000,19.36
2023/1/18,3928.860107,4014.159912,3926.590088,4002.25,4298710000,20.34
2023/1/19,3898.850098,3922.939941,3885.540039,3911.840088,3991500000,20.52
2023/1/20,3972.610107,3972.959961,3897.860107,3909.040039,4013360000,19.85
2023/1/23,4019.810059,4039.310059,3971.639893,3978.139893,3945210000,19.81
2023/1/24,4016.949951,4023.919922,3989.790039,4001.73999,3320430000,19.2
2023/1/25,4016.219971,4019.550049,3949.060059,3982.709961,3724020000,19.08
2023/1/26,4060.429932,4061.570068,4013.290039,4036.080078,3809590000,18.73
2023/1/27,4070.560059,4094.209961,4048.699951,4053.719971,3907760000,18.51
2023/1/30,4017.77002,4063.850098,4015.550049,4049.27002,3802000000,19.94
2023/1/31,4076.600098,4077.159912,4020.439941,4020.850098,4679320000,19.4
2023/2/1,4119.209961,4148.950195,4037.199951,4070.070068,4856930000,17.87
2023/2/2,4179.759766,4195.439941,4141.879883,4158.680176,5624360000,18.73
2023/2/3,4136.47998,4182.359863,4123.359863,4136.689941,4694510000,18.33
2023/2/6,4111.080078,4124.629883,4093.379883,4119.569824,4114240000,19.43
2023/2/7,4164,4176.540039,4088.389893,4105.350098,4355860000,18.66
2023/2/8,4117.859863,4156.850098,4111.669922,4153.470215,4029820000,19.63
2023/2/9,4081.5,4156.22998,4069.669922,4144.25,4270200000,20.71
2023/2/10,4090.459961,4094.360107,4060.790039,4068.919922,3891520000,20.53
2023/2/13,4137.290039,4138.899902,4092.669922,4096.620117,3448620000,20.34
2023/2/14,4136.129883,4159.77002,4095.01001,4126.700195,3929200000,18.91
2023/2/15,4147.600098,4148.109863,4103.97998,4119.5,4075980000,18.23
2023/2/16,4090.409912,4136.540039,4089.48999,4114.75,4143660000,20.17
2023/2/17,4079.090088,4081.51001,4047.949951,4077.389893,4045480000,20.02
2023/2/21,3997.340088,4052.350098,3995.189941,4052.350098,4121590000,22.87
2023/2/22,3991.050049,4017.370117,3976.899902,4001.830078,4079320000,22.29
2023/2/23,4012.320068,4028.300049,3969.189941,4018.600098,3952940000,21.14
2023/2/24,3970.040039,3978.25,3943.080078,3973.23999,3877700000,21.67
2023/2/27,3982.23999,4018.050049,3973.550049,3992.360107,3836950000,20.95
2023/2/28,3970.149902,3997.5,3968.97998,3977.189941,5043400000,20.7
2023/3/1,3951.389893,3971.72998,3939.050049,3963.340088,4249480000,20.58
2023/3/2,3981.350098,3990.840088,3928.159912,3938.679932,4244900000,19.59
2023/3/3,4045.639893,4048.290039,3995.169922,3998.02002,4084730000,18.49
2023/3/6,4048.419922,4078.48999,4044.610107,4055.149902,4000870000,18.61
2023/3/7,3986.370117,4050,3980.310059,4048.26001,3922500000,19.59
2023/3/8,3992.01001,4000.409912,3969.76001,3987.550049,3535570000,19.11
2023/3/9,3918.320068,4017.810059,3908.699951,3998.659912,4445260000,22.61
2023/3/10,3861.590088,3934.050049,3846.320068,3912.77002,5518190000,24.8
2023/3/13,3855.76001,3905.050049,3808.860107,3835.120117,6558020000,26.52
2023/3/14,3919.290039,3937.290039,3873.629883,3894.01001,5665870000,23.73
2023/3/15,3891.929932,3894.26001,3838.23999,3876.73999,6594010000,26.14
2023/3/16,3960.280029,3964.459961,3864.110107,3878.929932,5695790000,22.99
2023/3/17,3916.639893,3958.909912,3901.27002,3958.689941,9354280000,25.51
2023/3/20,3951.570068,3956.620117,3916.889893,3917.469971,5347140000,24.15
2023/3/21,4002.870117,4009.080078,3971.189941,3975.889893,4920240000,21.38
2023/3/22,3936.969971,4039.48999,3936.169922,4002.040039,4533010000,22.26
2023/3/23,3948.719971,4007.659912,3919.050049,3959.209961,4991600000,22.61
2023/3/24,3970.98999,3972.73999,3909.159912,3939.209961,4583970000,21.74
2023/3/27,3977.530029,4003.830078,3970.48999,3982.929932,4233540000,20.6
2023/3/28,3971.27002,3979.199951,3951.530029,3974.129883,4014600000,19.97
2023/3/29,4027.810059,4030.590088,3999.530029,3999.530029,4145250000,19.12
2023/3/30,4050.830078,4057.850098,4032.100098,4046.73999,3930860000,19.02
2023/3/31,4109.310059,4110.75,4056.179932,4056.179932,4525120000,18.7
2023/4/3,4124.509766,4127.660156,4098.790039,4102.200195,4234700000,18.55
2023/4/4,4100.600098,4133.129883,4086.870117,4128.029785,4227800000,19
2023/4/5,4090.379883,4099.689941,4072.560059,4094.5,3968020000,19.08
2023/4/6,4105.02002,4107.319824,4069.840088,4081.149902,3486690000,18.4
2023/4/10,4109.109863,4109.5,4072.550049,4085.199951,3423650000,18.97
2023/4/11,4108.939941,4124.259766,4102.609863,4110.290039,3665830000,19.1
2023/4/12,4091.949951,4134.370117,4086.939941,4121.720215,3633120000,19.09
2023/4/13,4146.220215,4150.259766,4099.399902,4100.040039,3596590000,17.8
2023/4/14,4137.640137,4163.189941,4113.200195,4140.109863,3575690000,17.07
2023/4/17,4151.319824,4151.720215,4123.180176,4137.169922,3611180000,16.95
2023/4/18,4154.870117,4169.47998,4140.359863,4164.259766,3536640000,16.83
2023/4/19,4154.52002,4162.569824,4134.490234,4139.330078,3572560000,16.46
2023/4/20,4129.790039,4148.569824,4114.569824,4130.47998,3772080000,17.17
2023/4/21,4133.52002,4138.02002,4113.859863,4132.140137,3611750000,16.77
2023/4/24,4137.040039,4142.410156,4117.77002,4132.069824,3290940000,16.89
2023/4/25,4071.629883,4126.430176,4071.379883,4126.430176,3978640000,18.76
2023/4/26,4055.98999,4089.669922,4049.350098,4087.780029,3837030000,18.84
2023/4/27,4135.350098,4138.240234,4075.290039,4075.290039,3750550000,17.03
2023/4/28,4169.47998,4170.060059,4127.180176,4129.629883,4087800000,15.78
2023/5/1,4167.870117,4186.919922,4164.120117,4166.790039,3321370000,16.08
2023/5/2,4119.580078,4164.100098,4089.719971,4164.100098,4486130000,17.78
2023/5/3,4090.75,4148.299805,4088.860107,4122.25,4246510000,18.34
2023/5/4,4061.219971,4082.610107,4048.280029,4082.550049,4920090000,20.09
2023/5/5,4136.25,4147.02002,4084.72998,4084.72998,4186270000,17.19
2023/5/8,4138.120117,4142.299805,4123.810059,4136.97998,3641640000,16.98
2023/5/9,4119.169922,4130.350098,4116.649902,4124.25,3810140000,17.71
2023/5/10,4137.640137,4154.279785,4098.919922,4143.740234,4057160000,16.94
2023/5/11,4130.620117,4132.799805,4109.290039,4132.240234,3752900000,16.93
2023/5/12,4124.080078,4143.740234,4099.120117,4138.540039,3533740000,17.03
2023/5/15,4136.279785,4141.25,4110.27002,4126.649902,3562170000,17.12
2023/5/16,4109.899902,4135.540039,4109.859863,4127.950195,3654200000,17.99
2023/5/17,4158.77002,4164.669922,4113.620117,4122.850098,4039080000,16.87
2023/5/18,4198.049805,4202.200195,4153.5,4157.680176,3980500000,16.05
2023/5/19,4191.97998,4212.910156,4180.200195,4204.149902,4041900000,16.81
2023/5/22,4192.629883,4209.220215,4179.680176,4190.779785,3728520000,17.21
2023/5/23,4145.580078,4185.680176,4142.540039,4176.799805,4155320000,18.53
2023/5/24,4115.240234,4132.959961,4103.97998,4132.959961,3739160000,20.03
2023/5/25,4151.279785,4165.740234,4129.72998,4155.709961,4147760000,19.14
2023/5/26,4205.450195,4212.870117,4156.160156,4156.160156,3715460000,17.95
2023/5/30,4205.52002,4231.100098,4192.180176,4226.709961,4228510000,17.46
2023/5/31,4179.830078,4195.439941,4166.149902,4190.740234,5980670000,17.94
2023/6/1,4221.02002,4232.430176,4171.640137,4183.029785,4391860000,15.65
2023/6/2,4282.370117,4290.669922,4241.009766,4241.009766,4454200000,14.6
2023/6/5,4273.790039,4299.279785,4266.819824,4282.990234,3813290000,14.73
2023/6/6,4283.850098,4288.330078,4263.089844,4271.339844,3996560000,13.96
2023/6/7,4267.52002,4299.189941,4263.959961,4285.470215,4537800000,13.94
2023/6/8,4293.930176,4298.009766,4261.069824,4268.689941,3826740000,13.65
2023/6/9,4298.859863,4322.620117,4291.700195,4304.879883,3786510000,13.83
2023/6/12,4338.930176,4340.129883,4304.370117,4308.319824,3945670000,15.01
2023/6/13,4369.009766,4375.370117,4349.310059,4352.609863,4275400000,14.61
2023/6/14,4372.589844,4391.819824,4337.850098,4366.290039,4252110000,13.88
2023/6/15,4425.839844,4439.200195,4362.600098,4365.330078,4176690000,14.5
2023/6/16,4409.589844,4448.470215,4407.439941,4440.950195,6848600000,13.54
2023/6/20,4388.709961,4400.149902,4367.189941,4396.109863,4055790000,13.88
2023/6/21,4365.689941,4386.220215,4360.140137,4380.009766,3709330000,13.2
2023/6/22,4381.890137,4382.25,4351.819824,4355.399902,3511000000,12.91
2023/6/23,4348.330078,4366.549805,4341.339844,4354.169922,6053620000,13.44
2023/6/26,4328.819824,4362.060059,4328.080078,4344.839844,3415030000,14.25
2023/6/27,4378.410156,4384.419922,4335,4337.359863,3573500000,13.74
2023/6/28,4376.859863,4390.350098,4360.220215,4367.47998,3739330000,13.43
2023/6/29,4396.439941,4398.390137,4371.970215,4374.939941,3696660000,13.54
2023/6/30,4450.379883,4458.47998,4422.439941,4422.439941,3923450000,13.59
2023/7/3,4455.589844,4456.459961,4442.290039,4450.47998,2034280000,13.57
2023/7/5,4446.819824,4454.060059,4436.609863,4442.040039,3482620000,14.18
2023/7/6,4411.589844,4422.620117,4385.049805,4422.620117,3682020000,15.44
2023/7/7,4398.950195,4440.390137,4397.399902,4404.540039,3630480000,14.83
2023/7/10,4409.529785,4412.600098,4389.919922,4394.22998,3429600000,15.07
2023/7/11,4439.259766,4443.640137,4408.459961,4415.549805,3624220000,14.84
2023/7/12,4472.160156,4488.339844,4463.22998,4467.689941,3920290000,13.54
2023/7/13,4510.040039,4517.379883,4489.359863,4491.5,3839530000,13.61
2023/7/14,4505.419922,4527.759766,4499.560059,4514.609863,3647450000,13.34
2023/7/17,4522.790039,4532.850098,4504.899902,4508.859863,3538240000,13.48
2023/7/18,4554.97998,4562.299805,4514.589844,4521.779785,4090010000,13.3
2023/7/19,4565.720215,4578.430176,4557.47998,4563.870117,4115670000,13.76
2023/7/20,4534.870117,4564.740234,4527.560059,4554.379883,3761770000,13.99
2023/7/21,4536.339844,4555,4535.790039,4550.160156,3570190000,13.6
2023/7/24,4554.640137,4563.410156,4541.290039,4543.390137,3856250000,13.91
2023/7/25,4567.459961,4580.620117,4552.419922,4555.189941,3812470000,13.86
2023/7/26,4566.75,4582.470215,4547.580078,4558.959961,3990290000,13.19
2023/7/27,4537.410156,4607.069824,4528.560059,4598.259766,4553210000,14.41
2023/7/28,4582.22998,4590.160156,4564.009766,4565.75,3981010000,13.33
2023/7/31,4588.959961,4594.220215,4573.140137,4584.819824,4503600000,13.63
2023/8/1,4576.72998,4584.620117,4567.529785,4578.830078,4042370000,13.93
2023/8/2,4513.390137,4550.930176,4505.75,4550.930176,4270710000,16.09
2023/8/3,4501.890137,4519.490234,4485.540039,4494.27002,4149120000,15.92
2023/8/4,4478.029785,4540.339844,4474.549805,4513.959961,4143310000,17.1
2023/8/7,4518.439941,4519.839844,4491.149902,4491.580078,3493920000,15.77
2023/8/8,4499.379883,4503.310059,4464.390137,4498.029785,3884910000,15.99
2023/8/9,4467.709961,4502.439941,4461.330078,4501.569824,3803100000,15.96
2023/8/10,4468.830078,4527.370117,4457.919922,4487.160156,4504370000,15.85
2023/8/11,4464.049805,4476.22998,4443.97998,4450.689941,3753290000,14.84
2023/8/14,4489.720215,4490.330078,4453.439941,4458.129883,3896410000,14.82
2023/8/15,4437.859863,4478.870117,4432.189941,4478.870117,3832250000,16.46
2023/8/16,4404.330078,4449.950195,4403.549805,4433.790039,3753910000,16.78
2023/8/17,4370.359863,4421.169922,4364.830078,4416.319824,3943700000,17.89
2023/8/18,4369.709961,4381.819824,4335.310059,4344.879883,3940400000,17.3
2023/8/21,4399.77002,4407.549805,4360.299805,4380.279785,3726850000,17.13
2023/8/22,4387.549805,4418.589844,4382.77002,4415.330078,3522760000,16.97
2023/8/23,4436.009766,4443.180176,4396.439941,4396.439941,3837270000,15.98
2023/8/24,4376.310059,4458.299805,4375.549805,4455.160156,3723470000,17.2
2023/8/25,4405.709961,4418.459961,4356.290039,4389.379883,3296180000,15.68
2023/8/28,4433.310059,4439.560059,4414.97998,4426.029785,2957230000,15.08
2023/8/29,4497.629883,4500.140137,4431.680176,4432.75,3354820000,14.45
2023/8/30,4514.870117,4521.649902,4493.589844,4500.339844,3064110000,13.88
2023/8/31,4507.660156,4532.259766,4507.390137,4517.009766,3946360000,13.57
2023/9/1,4515.77002,4541.25,4501.350098,4530.600098,3246260000,13.09
2023/9/5,4496.830078,4514.290039,4496.009766,4510.060059,3526250000,14.01
2023/9/6,4465.47998,4490.350098,4442.379883,4490.350098,3418850000,14.45
2023/9/7,4451.140137,4457.810059,4430.459961,4434.549805,3763760000,14.4
2023/9/8,4457.490234,4473.529785,4448.379883,4451.299805,3259290000,13.84
2023/9/11,4487.459961,4490.77002,4467.890137,4480.97998,3369920000,13.8
2023/9/12,4461.899902,4487.109863,4456.830078,4473.27002,3435740000,14.23
2023/9/13,4467.439941,4479.390137,4453.52002,4462.649902,3529430000,13.48
2023/9/14,4505.100098,4511.990234,4478.689941,4487.779785,3648720000,12.82
2023/9/15,4450.319824,4497.97998,4447.209961,4497.97998,6932230000,13.79
2023/9/18,4453.529785,4466.359863,4442.109863,4445.129883,3161230000,14
2023/9/19,4443.950195,4449.850098,4416.609863,4445.410156,3614880000,14.11
2023/9/20,4402.200195,4461.029785,4401.379883,4452.810059,3308450000,15.14
2023/9/21,4330,4375.700195,4329.169922,4374.359863,3662340000,17.54
2023/9/22,4320.060059,4357.399902,4316.490234,4341.740234,3349570000,17.2
2023/9/25,4337.439941,4338.509766,4302.700195,4310.620117,3195650000,16.9
2023/9/26,4273.529785,4313.009766,4265.97998,4312.879883,3472340000,18.94
2023/9/27,4274.509766,4292.069824,4238.629883,4282.629883,3875880000,18.22
2023/9/28,4299.700195,4317.27002,4264.379883,4269.649902,3846230000,17.34
2023/9/29,4288.049805,4333.149902,4274.859863,4328.180176,3865960000,17.52
2023/10/2,4288.390137,4300.580078,4260.209961,4284.52002,3938660000,17.61
2023/10/3,4229.450195,4281.149902,4216.450195,4269.75,3953830000,19.78
2023/10/4,4263.75,4268.5,4220.47998,4233.830078,3777600000,18.58
2023/10/5,4258.189941,4267.129883,4225.910156,4259.310059,3581470000,18.49
2023/10/6,4308.5,4324.100098,4219.549805,4234.790039,3902030000,17.45
2023/10/9,4335.660156,4341.72998,4283.790039,4289.02002,3174630000,17.7
2023/10/10,4358.240234,4385.459961,4339.640137,4339.75,3520240000,17.03
2023/10/11,4376.950195,4378.640137,4345.339844,4366.589844,3601660000,16.09
2023/10/12,4349.609863,4385.850098,4325.430176,4380.939941,3713140000,16.69
2023/10/13,4327.779785,4377.100098,4311.970215,4360.490234,3566560000,19.32
2023/10/16,4373.629883,4383.330078,4342.370117,4342.370117,3409960000,17.21
2023/10/17,4373.200195,4393.569824,4337.540039,4345.22998,3794850000,17.88
2023/10/18,4314.600098,4364.200195,4303.839844,4357.350098,3686030000,19.22
2023/10/19,4278,4339.540039,4269.689941,4321.359863,3969730000,21.4
2023/10/20,4224.160156,4276.560059,4223.029785,4273.850098,4004030000,21.71
2023/10/23,4217.040039,4255.839844,4189.220215,4210.399902,3776100000,20.37
2023/10/24,4247.680176,4259.379883,4219.430176,4235.790039,3821820000,18.97
2023/10/25,4186.77002,4232.419922,4181.419922,4232.419922,3869370000,20.19
2023/10/26,4137.22998,4183.600098,4127.899902,4175.990234,4277640000,20.68
2023/10/27,4117.370117,4156.700195,4103.779785,4152.930176,4019500000,21.27
2023/10/30,4166.819824,4177.470215,4132.939941,4139.390137,3911140000,19.75
2023/10/31,4193.799805,4195.549805,4153.120117,4171.330078,4249470000,18.14
2023/11/1,4237.859863,4245.640137,4197.740234,4201.27002,4224900000,16.87
2023/11/2,4317.779785,4319.720215,4268.259766,4268.259766,4669780000,15.66
2023/11/3,4358.339844,4373.620117,4334.22998,4334.22998,4570960000,14.91
2023/11/6,4365.97998,4372.209961,4347.529785,4364.27002,3656340000,14.89
2023/11/7,4378.379883,4386.259766,4355.410156,4366.209961,3791230000,14.81
2023/11/8,4382.779785,4391.200195,4359.759766,4384.370117,3729510000,14.45
2023/11/9,4347.350098,4393.399902,4343.939941,4391.410156,3900780000,15.29
2023/11/10,4415.240234,4418.029785,4353.339844,4364.149902,3665080000,14.17
2023/11/13,4411.549805,4421.759766,4393.819824,4406.660156,3326240000,14.76
2023/11/14,4495.700195,4508.669922,4458.970215,4458.970215,4700350000,14.16
2023/11/15,4502.879883,4521.169922,4495.310059,4505.299805,4347170000,14.18
2023/11/16,4508.240234,4511.990234,4487.830078,4497.080078,3964520000,14.32
2023/11/17,4514.02002,4520.120117,4499.660156,4509.549805,3777240000,13.8
2023/11/20,4547.379883,4557.109863,4510.359863,4511.700195,3644790000,13.41
2023/11/21,4538.189941,4542.140137,4525.509766,4538.77002,3511080000,13.35
2023/11/22,4556.620117,4568.430176,4545.049805,4553.040039,3042810000,12.85
2023/11/24,4559.339844,4560.310059,4552.799805,4555.839844,1639500000,12.46
2023/11/27,4550.430176,4560.52002,4546.319824,4554.859863,3403990000,12.69
2023/11/28,4554.890137,4568.140137,4540.509766,4545.549805,3586240000,12.69
2023/11/29,4550.580078,4587.640137,4547.149902,4571.839844,4418760000,12.98
2023/11/30,4567.799805,4569.890137,4537.240234,4554.870117,5399300000,12.92
2023/12/1,4594.629883,4599.390137,4554.709961,4559.430176,4397120000,12.63
2023/12/4,4569.779785,4572.370117,4546.720215,4564.370117,4369910000,13.08
2023/12/5,4567.180176,4578.560059,4551.680176,4557.25,3909950000,12.85
2023/12/6,4549.339844,4590.740234,4546.5,4586.22998,4245680000,12.97
2023/12/7,4585.589844,4590.919922,4565.220215,4568.839844,3818880000,13.06
2023/12/8,4604.370117,4609.22998,4574.060059,4576.200195,3707010000,12.35
2023/12/11,4622.439941,4623.709961,4593.390137,4593.390137,3823210000,12.63
2023/12/12,4643.700195,4643.930176,4608.089844,4618.299805,3808380000,12.07
2023/12/13,4707.089844,4709.689941,4643.22998,4646.200195,5063650000,12.19
2023/12/14,4719.549805,4738.569824,4694.339844,4721.040039,6314040000,12.48
2023/12/15,4719.189941,4725.529785,4704.689941,4714.22998,8218980000,12.28
2023/12/18,4740.560059,4749.52002,4725.580078,4725.580078,4060340000,12.56
2023/12/19,4768.370117,4768.689941,4743.720215,4743.720215,4026970000,12.53
2023/12/20,4698.350098,4778.009766,4697.819824,4764.72998,4201320000,13.67
2023/12/21,4746.75,4748.709961,4708.350098,4724.290039,3431180000,13.65
2023/12/22,4754.629883,4772.939941,4736.77002,4753.919922,3046770000,13.03
2023/12/26,4774.75,4784.720215,4758.450195,4758.859863,2513910000,12.99
2023/12/27,4781.580078,4785.390137,4768.899902,4773.450195,2748450000,12.43
2023/12/28,4783.350098,4793.299805,4780.97998,4786.439941,2698860000,12.47
2023/12/29,4769.830078,4788.430176,4751.990234,4782.879883,3126060000,12.45
2024/1/2,4742.830078,4754.330078,4722.669922,4745.200195,3743050000,13.2
2024/1/3,4704.810059,4729.290039,4699.709961,4725.069824,3950760000,14.04
2024/1/4,4688.680176,4726.779785,4687.529785,4697.419922,3715480000,14.13
2024/1/5,4697.240234,4721.490234,4682.109863,4690.569824,3844370000,13.35
2024/1/8,4763.540039,4764.540039,4699.819824,4703.700195,3742320000,13.08
2024/1/9,4756.5,4765.470215,4730.350098,4741.930176,3529960000,12.76
2024/1/10,4783.450195,4790.799805,4756.200195,4759.939941,3498680000,12.69
2024/1/11,4780.240234,4798.5,4739.580078,4792.129883,3759890000,12.44
2024/1/12,4783.830078,4802.399902,4768.97998,4791.180176,3486340000,12.7
2024/1/16,4765.97998,4782.339844,4747.120117,4772.350098,4260550000,13.84
2024/1/17,4739.209961,4744.22998,4714.819824,4739.129883,3928600000,14.79
2024/1/18,4780.939941,4785.790039,4740.569824,4760.100098,4019000000,14.13
2024/1/19,4839.810059,4842.069824,4785.870117,4796.279785,4287200000,13.3
2024/1/22,4850.430176,4868.410156,4844.049805,4853.419922,4297610000,13.19
2024/1/23,4864.600098,4866.47998,4844.370117,4856.799805,3912800000,12.55
2024/1/24,4868.549805,4903.680176,4865.939941,4888.560059,4330030000,13.14
2024/1/25,4894.160156,4898.149902,4869.339844,4886.660156,4020430000,13.45
2024/1/26,4890.970215,4906.689941,4881.470215,4888.910156,3353400000,13.26
2024/1/29,4927.930176,4929.310059,4887.399902,4892.950195,3525160000,13.6
2024/1/30,4924.970215,4931.089844,4916.27002,4925.890137,3836130000,13.31
2024/1/31,4845.649902,4906.75,4845.149902,4899.189941,4696120000,14.35
2024/2/1,4906.189941,4906.970215,4853.52002,4861.109863,4386090000,13.88
2024/2/2,4958.609863,4975.290039,4907.990234,4916.060059,3974350000,13.85
2024/2/5,4942.810059,4957.189941,4918.089844,4957.189941,4023640000,13.67
2024/2/6,4954.22998,4957.77002,4934.879883,4950.160156,4440880000,13.06
2024/2/7,4995.060059,4999.890137,4969.049805,4973.049805,4895590000,12.83
2024/2/8,4997.910156,5000.399902,4987.089844,4995.160156,4341860000,12.79
2024/2/9,5026.609863,5030.060059,5000.339844,5004.169922,3912990000,12.93
2024/2/12,5021.839844,5048.390137,5016.830078,5026.830078,3805740000,13.93
2024/2/13,4953.169922,4971.299805,4920.310059,4967.939941,4302190000,15.85
2024/2/14,5000.620117,5002.52002,4956.450195,4976.439941,3845600000,14.38
2024/2/15,5029.72998,5032.720215,4999.439941,5003.140137,4137970000,14.01
2024/2/16,5005.569824,5038.700195,4999.52002,5031.129883,3833270000,14.24
2024/2/20,4975.509766,4993.709961,4955.02002,4989.319824,4034880000,15.42
2024/2/21,4981.799805,4983.209961,4946,4963.029785,3788390000,15.34
2024/2/22,5087.029785,5094.390137,5038.830078,5038.830078,4051710000,14.54
2024/2/23,5088.799805,5111.060059,5081.459961,5100.919922,3672790000,13.75
2024/2/26,5069.529785,5097.660156,5068.910156,5093,3683930000,13.74
2024/2/27,5078.180176,5080.689941,5057.290039,5074.600098,3925950000,13.43
2024/2/28,5069.759766,5077.370117,5058.350098,5067.200195,3789370000,13.84
2024/2/29,5096.27002,5104.990234,5061.890137,5085.359863,5219740000,13.4
2024/3/1,5137.080078,5140.330078,5094.160156,5098.509766,4748110000,13.11
2024/3/4,5130.950195,5149.669922,5127.180176,5130.990234,4758440000,13.49
2024/3/5,5078.649902,5114.540039,5056.819824,5110.52002,4418410000,14.46
2024/3/6,5104.759766,5127.970215,5092.220215,5108.029785,4559050000,14.5
2024/3/7,5157.359863,5165.620117,5128.209961,5132.379883,4137980000,14.44
2024/3/8,5123.689941,5189.259766,5117.5,5164.459961,4208870000,14.74
2024/3/11,5117.939941,5124.660156,5091.140137,5111.959961,3896430000,15.22
2024/3/12,5175.27002,5179.870117,5114.47998,5134.299805,4080510000,13.84
2024/3/13,5165.310059,5179.140137,5151.879883,5173.490234,4282890000,13.75
2024/3/14,5150.47998,5176.850098,5123.299805,5175.140137,4687970000,14.4
2024/3/15,5117.089844,5136.859863,5104.350098,5123.310059,7753670000,14.41
2024/3/18,5149.419922,5175.600098,5145.470215,5154.77002,4036220000,14.33
2024/3/19,5178.509766,5180.310059,5131.589844,5139.089844,4031760000,13.82
2024/3/20,5224.620117,5226.189941,5171.549805,5181.689941,4064850000,13.04
2024/3/21,5241.529785,5261.100098,5240.660156,5253.430176,4207730000,12.92
2024/3/22,5234.180176,5246.089844,5229.870117,5242.47998,3374700000,13.06
2024/3/25,5218.189941,5229.089844,5216.089844,5219.52002,3331360000,13.19
2024/3/26,5203.580078,5235.160156,5203.419922,5228.850098,3871790000,13.24
2024/3/27,5248.490234,5249.259766,5213.919922,5226.310059,3850500000,12.78
2024/3/28,5254.350098,5264.850098,5245.819824,5248.029785,3998270000,13.01
2024/4/1,5243.77002,5263.950195,5229.200195,5257.970215,3325930000,13.65
2024/4/2,5205.810059,5208.339844,5184.049805,5204.290039,3886590000,14.61
2024/4/3,5211.490234,5228.75,5194.370117,5194.370117,3703250000,14.33
2024/4/4,5147.209961,5256.589844,5146.060059,5244.049805,4075680000,16.35
2024/4/5,5204.339844,5222.180176,5157.209961,5158.950195,3386780000,16.03
2024/4/8,5202.390137,5219.569824,5197.350098,5211.370117,3278180000,15.19
2024/4/9,5209.910156,5224.810059,5160.779785,5217.029785,3400680000,14.98
2024/4/10,5160.640137,5178.430176,5138.700195,5167.879883,3845930000,15.8
2024/4/11,5199.060059,5211.779785,5138.77002,5172.950195,3509380000,14.91
2024/4/12,5123.410156,5175.029785,5107.939941,5171.509766,3963220000,17.31
2024/4/15,5061.819824,5168.430176,5052.470215,5149.669922,3950210000,19.23
2024/4/16,5051.410156,5079.839844,5039.830078,5064.589844,4006200000,18.4
2024/4/17,5022.209961,5077.959961,5007.25,5068.970215,3596130000,18.21
2024/4/18,5011.120117,5056.660156,5001.890137,5031.52002,3619760000,18
2024/4/19,4967.22998,5019.02002,4953.560059,5005.439941,3878750000,18.71
2024/4/22,5010.600098,5038.839844,4969.399902,4987.330078,3820250000,16.94
2024/4/23,5070.549805,5076.120117,5027.959961,5028.850098,3751400000,15.69
2024/4/24,5071.629883,5089.47998,5047.02002,5084.859863,3656740000,15.97
2024/4/25,5048.419922,5057.75,4990.580078,5019.879883,3958050000,15.37
2024/4/26,5099.959961,5114.620117,5073.140137,5084.649902,3604140000,15.03
2024/4/29,5116.169922,5123.490234,5088.649902,5114.129883,3447450000,14.67
2024/4/30,5035.689941,5110.830078,5035.310059,5103.779785,4082470000,15.65
2024/5/1,5018.390137,5096.120117,5013.450195,5029.029785,4544170000,15.39
2024/5/2,5064.200195,5073.209961,5011.049805,5049.319824,4381660000,14.68
2024/5/3,5127.790039,5139.120117,5101.220215,5122.779785,3924990000,13.49
2024/5/6,5180.740234,5181,5142.419922,5142.419922,3683250000,13.49
2024/5/7,5187.700195,5200.22998,5178.959961,5187.200195,3987890000,13.23
2024/5/8,5187.669922,5191.950195,5165.859863,5168.97998,3842100000,13
2024/5/9,5214.080078,5215.299805,5180.410156,5189.029785,3727370000,12.69
2024/5/10,5222.680176,5239.660156,5209.680176,5225.490234,3617900000,12.55
2024/5/13,5221.419922,5237.259766,5211.160156,5233.080078,4255710000,13.6
2024/5/14,5246.680176,5250.370117,5217.97998,5221.100098,4763580000,13.42
2024/5/15,5308.149902,5311.759766,5263.259766,5263.259766,4360810000,12.45
2024/5/16,5297.100098,5325.490234,5296.189941,5310.069824,3817470000,12.42
2024/5/17,5303.27002,5305.450195,5283.589844,5303.100098,3578120000,11.99
2024/5/20,5308.129883,5325.319824,5302.399902,5305.350098,3420100000,12.15
2024/5/21,5321.410156,5324.319824,5297.870117,5298.689941,3662240000,11.86
2024/5/22,5307.009766,5323.180176,5286.009766,5319.279785,3847130000,12.29
2024/5/23,5267.839844,5341.879883,5256.930176,5340.259766,3869520000,12.77
2024/5/24,5304.720215,5311.649902,5278.390137,5281.450195,3005510000,11.93
2024/5/28,5306.040039,5315.910156,5280.890137,5315.910156,3751540000,12.92
2024/5/29,5266.950195,5282.27002,5262.700195,5278.72998,3552750000,14.28
2024/5/30,5235.47998,5260.209961,5222.100098,5259.77002,3818750000,14.47
2024/5/31,5277.509766,5280.330078,5191.680176,5243.209961,5437160000,12.92
2024/6/3,5283.399902,5302.109863,5234.319824,5297.149902,4046920000,13.11
2024/6/4,5291.339844,5298.799805,5257.629883,5278.240234,3707900000,13.16
2024/6/5,5354.029785,5354.160156,5297.640137,5314.47998,3591460000,12.63
2024/6/6,5352.959961,5362.350098,5335.359863,5357.799805,3609990000,12.58
2024/6/7,5346.990234,5375.080078,5331.330078,5343.810059,3692760000,12.22
2024/6/10,5360.790039,5365.790039,5331.52002,5341.220215,3622280000,12.74
2024/6/11,5375.319824,5375.950195,5327.25,5353,3568030000,12.85
2024/6/12,5421.029785,5447.25,5409.129883,5409.129883,3962840000,12.04
2024/6/13,5433.740234,5441.930176,5402.509766,5441.930176,3530380000,11.94
2024/6/14,5431.600098,5432.390137,5403.75,5424.080078,3438650000,12.66
2024/6/17,5473.22998,5488.5,5420.399902,5431.109863,3447840000,12.75
2024/6/18,5487.029785,5490.379883,5471.319824,5476.149902,3544330000,12.3
2024/6/20,5473.169922,5505.529785,5455.560059,5499.990234,3847060000,13.28
2024/6/21,5464.620117,5478.310059,5452.029785,5466.77002,6773800000,13.2
2024/6/24,5447.870117,5490.660156,5447.589844,5459.580078,3696750000,13.33
2024/6/25,5469.299805,5472.879883,5446.560059,5460.72998,3591960000,12.84
2024/6/26,5477.899902,5483.140137,5451.870117,5460.709961,3563920000,12.55
2024/6/27,5482.870117,5490.810059,5467.540039,5473.589844,3589530000,12.24
2024/6/28,5460.47998,5523.640137,5451.120117,5488.47998,7199220000,12.44
2024/7/1,5475.089844,5479.549805,5446.529785,5471.080078,3488760000,12.22
2024/7/2,5509.009766,5509.689941,5458.430176,5461.839844,3329950000,12.03
2024/7/3,5537.02002,5539.27002,5507.419922,5507.439941,2179470000,12.09
2024/7/5,5567.189941,5570.330078,5531.629883,5537.910156,3253080000,12.48
2024/7/8,5572.850098,5583.109863,5562.509766,5572.75,3185670000,12.37
2024/7/9,5576.97998,5590.75,5574.569824,5584.240234,3232920000,12.51
2024/7/10,5633.910156,5635.390137,5586.439941,5591.259766,3336100000,12.85
2024/7/11,5584.540039,5642.450195,5576.529785,5635.209961,4020950000,12.92
2024/7/12,5615.350098,5655.560059,5590.439941,5590.759766,3700280000,12.46
2024/7/15,5631.220215,5666.939941,5614.75,5638.160156,3620470000,13.12
2024/7/16,5667.200195,5669.669922,5639.02002,5644.089844,4041760000,13.19
2024/7/17,5588.27002,5622.490234,5584.810059,5610.069824,4246450000,14.48
2024/7/18,5544.589844,5614.049805,5522.810059,5608.560059,4007510000,15.93
2024/7/19,5505,5557.5,5497.040039,5543.370117,3760570000,16.52
2024/7/22,5564.410156,5570.359863,5529.040039,5544.540039,3375180000,14.91
2024/7/23,5555.740234,5585.339844,5550.899902,5565.299805,3500210000,14.72
2024/7/24,5427.129883,5508.040039,5419.97998,5505.839844,3945550000,18.04
2024/7/25,5399.220215,5491.589844,5390.950195,5428.700195,4592120000,18.46
2024/7/26,5459.100098,5488.319824,5430.700195,5433.669922,3638770000,16.39
2024/7/29,5463.540039,5487.740234,5444.439941,5476.549805,3379970000,16.6
2024/7/30,5436.439941,5489.459961,5401.700195,5478.72998,3777740000,17.69
2024/7/31,5522.299805,5551.509766,5493.75,5505.589844,4546910000,16.36
2024/8/1,5446.680176,5566.160156,5410.419922,5537.839844,4703620000,18.59
2024/8/2,5346.560059,5383.890137,5302.029785,5376.629883,5156450000,23.39
2024/8/5,5186.330078,5250.890137,5119.259766,5151.140137,5333250000,38.57
2024/8/6,5240.029785,5312.339844,5193.560059,5206.419922,4690190000,27.71
2024/8/7,5199.5,5330.640137,5195.540039,5293.129883,4558260000,27.85
2024/8/8,5319.310059,5328.029785,5233.850098,5252.569824,4016830000,23.79
2024/8/9,5344.160156,5358.669922,5300.839844,5314.660156,3516400000,20.37
2024/8/12,5344.390137,5371.200195,5324.370117,5351.879883,3360160000,20.71
2024/8/13,5434.430176,5436.5,5376.97998,5376.97998,3648980000,18.12
2024/8/14,5455.209961,5463.220215,5415.910156,5442.359863,3380050000,16.19
2024/8/15,5543.220215,5546.22998,5501.129883,5501.129883,3723310000,15.23
2024/8/16,5554.25,5561.97998,5525.169922,5530.5,3357690000,14.8
2024/8/19,5608.25,5608.299805,5550.740234,5557.22998,3222050000,14.65
2024/8/20,5597.120117,5620.509766,5585.5,5602.879883,2994420000,15.88
2024/8/21,5620.850098,5632.680176,5591.569824,5603.089844,3119670000,16.27
2024/8/22,5570.640137,5643.220215,5560.950195,5637.77002,2981530000,17.55
2024/8/23,5634.609863,5641.819824,5585.160156,5602.490234,3291940000,15.86
2024/8/26,5616.839844,5651.620117,5602.339844,5639.660156,2938570000,16.15
2024/8/27,5625.799805,5631.180176,5593.47998,5602.890137,2798990000,15.43
2024/8/28,5592.180176,5627.029785,5560.950195,5624.509766,3053450000,17.11
2024/8/29,5591.959961,5646.950195,5583.709961,5607.299805,3065640000,15.65
2024/8/30,5648.399902,5651.370117,5581.790039,5612.740234,4185850000,15
2024/9/3,5528.930176,5623.890137,5504.330078,5623.890137,3866350000,20.72
2024/9/4,5520.069824,5552.990234,5503.660156,5506.680176,3478140000,21.32
2024/9/5,5503.410156,5546.299805,5480.540039,5520.080078,3521650000,19.9
2024/9/6,5408.419922,5522.470215,5402.620117,5507.330078,3822800000,22.38
2024/9/9,5471.049805,5484.200195,5434.490234,5442.069824,3825940000,19.45
2024/9/10,5495.52002,5497.910156,5441.720215,5490.509766,3848180000,19.08
2024/9/11,5554.129883,5560.410156,5406.959961,5496.419922,3839450000,17.69
2024/9/12,5595.759766,5600.709961,5535.5,5557.47998,3655070000,17.07
2024/9/13,5626.02002,5636.27002,5601.649902,5603.339844,3500790000,16.56
2024/9/16,5633.089844,5636.049805,5604.529785,5615.209961,3437070000,17.14
2024/9/17,5634.580078,5670.810059,5614.049805,5655.509766,3443600000,17.61
2024/9/18,5618.259766,5689.75,5615.080078,5641.680176,3691390000,18.23
2024/9/19,5713.640137,5733.569824,5686.419922,5702.629883,4024530000,16.33
2024/9/20,5702.549805,5715.140137,5674.490234,5709.640137,7867260000,16.15
2024/9/23,5718.569824,5725.359863,5704.220215,5711.899902,3529550000,15.89
2024/9/24,5732.930176,5735.319824,5698.990234,5727.660156,3872710000,15.39
2024/9/25,5722.259766,5741.029785,5712.060059,5733.649902,3624910000,15.41
2024/9/26,5745.370117,5767.370117,5721.009766,5762.220215,4391180000,15.37
2024/9/27,5738.169922,5763.779785,5727.339844,5755.359863,3898530000,16.96
2024/9/30,5762.47998,5765.140137,5703.529785,5726.52002,4425730000,16.73
2024/10/1,5708.75,5757.72998,5681.279785,5757.72998,4025180000,19.26
2024/10/2,5709.540039,5719.629883,5674,5698.140137,3829050000,18.9
2024/10/3,5699.939941,5718.779785,5677.370117,5698.189941,3597450000,20.49
2024/10/4,5751.069824,5753.209961,5702.830078,5737.47998,3479400000,19.21
2024/10/7,5695.939941,5739.339844,5686.850098,5737.799805,3637790000,22.64
2024/10/8,5751.129883,5757.600098,5714.560059,5719.140137,3393400000,21.42
2024/10/9,5792.040039,5796.799805,5745.02002,5751.799805,3650340000,20.86
2024/10/10,5780.049805,5795.029785,5764.759766,5778.359863,3208790000,20.93
2024/10/11,5815.029785,5822.129883,5775.089844,5775.089844,3208720000,20.46
2024/10/14,5859.850098,5871.410156,5829.569824,5829.810059,3005250000,19.7
2024/10/15,5815.259766,5870.359863,5804.47998,5866.740234,3882120000,20.64
2024/10/16,5842.470215,5846.52002,5808.339844,5816.580078,3467230000,19.58
2024/10/17,5841.470215,5878.459961,5840.25,5875.620117,3480010000,19.11
2024/10/18,5864.669922,5872.169922,5846.109863,5859.430176,3374490000,18.03
2024/10/21,5853.97998,5866.919922,5824.790039,5857.819824,3407010000,18.37
2024/10/22,5851.200195,5863.040039,5821.169922,5832.700195,3342080000,18.2
2024/10/23,5797.419922,5834.850098,5762.410156,5834.5,3532650000,19.24
2024/10/24,5809.859863,5817.799805,5784.919922,5817.799805,3543030000,19.08
2024/10/25,5808.120117,5862.819824,5799.97998,5826.75,3501280000,20.33
2024/10/28,5823.52002,5842.919922,5823.080078,5833.930176,3691280000,19.8
2024/10/29,5832.919922,5847.189941,5802.169922,5819.680176,3879100000,19.34
2024/10/30,5813.669922,5850.939941,5811.279785,5832.649902,3851120000,20.35
2024/10/31,5705.450195,5775.339844,5702.859863,5775.339844,4425660000,23.16
2024/11/1,5728.799805,5772.52002,5723.220215,5723.220215,3796450000,21.88
2024/11/4,5712.689941,5741.430176,5696.509766,5725.149902,3602060000,21.98
2024/11/5,5782.759766,5783.439941,5722.100098,5722.430176,3768310000,20.49
2024/11/6,5929.040039,5936.140137,5864.890137,5864.890137,6329530000,16.27
2024/11/7,5973.100098,5983.839844,5947.209961,5947.209961,4925740000,15.2
2024/11/8,5995.540039,6012.450195,5976.759766,5976.759766,4666740000,14.94
2024/11/11,6001.350098,6017.310059,5986.689941,6008.859863,4333000000,14.97
2024/11/12,5983.990234,6009.919922,5960.080078,6003.600098,4243400000,14.71
2024/11/13,5985.379883,6008.189941,5965.910156,5985.75,4220180000,14.02
2024/11/14,5949.169922,5993.879883,5942.279785,5989.680176,4184570000,14.31
2024/11/15,5870.620117,5915.319824,5853.009766,5912.790039,4590960000,16.14
2024/11/18,5893.620117,5908.120117,5865.950195,5874.169922,3983860000,15.58
2024/11/19,5916.97998,5923.509766,5855.290039,5870.049805,4036940000,16.35
2024/11/20,5917.109863,5920.669922,5860.560059,5914.339844,3772620000,17.16
2024/11/21,5948.709961,5963.319824,5887.259766,5940.580078,4230120000,16.87
2024/11/22,5969.339844,5972.899902,5944.359863,5944.359863,4141420000,15.24
2024/11/25,5987.370117,6020.75,5963.910156,5992.279785,5633150000,14.6
2024/11/26,6021.629883,6025.419922,5992.27002,6000.029785,3835170000,14.1
2024/11/27,5998.740234,6020.160156,5984.870117,6014.109863,3363340000,14.1
2024/11/29,6032.379883,6044.169922,6003.97998,6003.97998,2444420000,13.51
2024/12/2,6047.149902,6053.580078,6035.330078,6040.109863,4412470000,13.34
2024/12/3,6049.879883,6052.069824,6033.390137,6042.970215,4095000000,13.3
2024/12/4,6086.490234,6089.839844,6061.060059,6069.390137,4003390000,13.45
2024/12/5,6075.109863,6094.549805,6072.899902,6089.029785,4212020000,13.54
2024/12/6,6090.27002,6099.970215,6079.97998,6081.379883,3924830000,12.77
2024/12/9,6052.850098,6088.509766,6048.629883,6083.009766,4556460000,14.19
2024/12/10,6034.910156,6065.399902,6029.890137,6057.589844,4048410000,14.18
2024/12/11,6084.189941,6092.589844,6060.149902,6060.149902,4269950000,13.58
2024/12/12,6051.25,6079.680176,6051.25,6074.290039,3678010000,13.92
2024/12/13,6051.089844,6078.580078,6035.77002,6068.169922,3584960000,13.81
2024/12/16,6074.080078,6085.189941,6059.140137,6063.790039,4391100000,14.69
2024/12/17,6050.609863,6057.680176,6035.189941,6052.549805,4544500000,15.87
2024/12/18,5872.160156,6070.669922,5867.790039,6047.649902,5246960000,27.62
2024/12/19,5867.080078,5935.52002,5866.069824,5912.709961,4896880000,24.09
2024/12/20,5930.850098,5982.060059,5832.299805,5842,8223220000,18.36
2024/12/23,5974.069824,5978.25,5902.569824,5940.25,3593280000,16.78
2024/12/24,6040.040039,6040.100098,5981.439941,5984.629883,1757720000,14.27
2024/12/26,6037.589844,6049.75,6007.370117,6024.970215,2904530000,14.73
2024/12/27,5970.839844,6006.169922,5932.950195,6006.169922,3159610000,15.95
2024/12/30,5906.939941,5940.790039,5869.160156,5920.669922,3433250000,17.4
2024/12/31,5881.629883,5929.740234,5868.859863,5919.740234,3128350000,17.35
2025/1/2,5868.549805,5935.089844,5829.529785,5903.259766,3621680000,17.93
2025/1/3,5942.470215,5949.339844,5888.660156,5891.069824,3667340000,16.13
2025/1/6,5975.379883,6021.040039,5960.009766,5982.810059,4940120000,16.04
2025/1/7,5909.029785,6000.680176,5890.680176,5993.259766,4517330000,17.82
2025/1/8,5918.25,5927.890137,5874.779785,5910.660156,4441740000,17.7
2025/1/10,5827.040039,5890.350098,5807.779785,5890.350098,4751930000,19.54
2025/1/13,5836.220215,5838.609863,5773.310059,5782.02002,4421200000,19.19
2025/1/14,5842.910156,5871.919922,5805.419922,5859.27002,4142280000,18.71
2025/1/15,5949.910156,5960.609863,5905.209961,5905.209961,4544570000,16.12
2025/1/16,5937.339844,5964.689941,5930.720215,5963.609863,4285810000,16.6
2025/1/17,5996.660156,6014.959961,5978.439941,5995.399902,4366830000,15.97
2025/1/21,6049.240234,6051.509766,6006.879883,6014.120117,4702920000,15.06
2025/1/22,6086.370117,6100.810059,6076.129883,6081.390137,4323040000,15.1
2025/1/23,6118.709961,6118.72998,6074.669922,6076.319824,4432250000,15.02
2025/1/24,6101.240234,6128.180176,6088.740234,6121.430176,4214250000,14.85
2025/1/27,6012.279785,6017.169922,5962.919922,5969.040039,5198750000,17.9
2025/1/28,6067.700195,6074.540039,5994.629883,6026.970215,4473640000,16.41
2025/1/29,6039.310059,6062.830078,6012.959961,6057.700195,4115310000,16.56
2025/1/30,6071.169922,6086.640137,6027.459961,6050.75,4634620000,15.84
2025/1/31,6040.529785,6120.910156,6030.930176,6096.790039,4843770000,16.43
2025/2/3,5994.569824,6022.129883,5923.930176,5969.649902,4797210000,18.62
2025/2/4,6037.879883,6042.47998,5990.870117,5998.140137,4410160000,17.21
2025/2/5,6061.47998,6062.859863,6007.060059,6020.450195,4756250000,15.77
2025/2/6,6083.569824,6084.029785,6046.830078,6072.220215,4847120000,15.5
2025/2/7,6025.990234,6101.279785,6019.959961,6083.129883,4766900000,16.54
2025/2/10,6066.439941,6073.379883,6044.839844,6046.399902,4458760000,15.81
2025/2/11,6068.5,6076.279785,6042.339844,6049.319824,4324880000,16.02
2025/2/12,6051.970215,6063,6003,6025.080078,4627960000,15.89
2025/2/13,6115.069824,6116.910156,6050.950195,6060.589844,4763800000,15.1
2025/2/14,6114.629883,6127.470215,6107.620117,6115.52002,4335190000,14.77
2025/2/18,6129.580078,6129.629883,6099.509766,6121.600098,4684980000,15.35
2025/2/19,6144.149902,6147.430176,6111.149902,6117.759766,4562330000,15.27
2025/2/20,6117.52002,6134.5,6084.589844,6134.5,4813690000,15.66
2025/2/21,6013.129883,6114.819824,6008.560059,6114.100098,5434560000,18.21
2025/2/24,5983.25,6043.649902,5977.830078,6026.689941,4990120000,18.98
2025/2/25,5955.25,5992.649902,5908.490234,5982.72998,5374690000,19.43
2025/2/26,5956.060059,6009.819824,5932.689941,5970.870117,4869580000,19.1
2025/2/27,5861.569824,5993.689941,5858.779785,5981.879883,5057680000,21.13
2025/2/28,5954.5,5959.399902,5837.660156,5856.740234,6441140000,19.63
2025/3/3,5849.720215,5986.089844,5810.910156,5968.330078,5613850000,22.78
2025/3/4,5778.149902,5865.080078,5732.589844,5811.97998,6138110000,23.51
2025/3/5,5842.629883,5860.589844,5742.350098,5781.359863,5285970000,21.93
2025/3/6,5738.52002,5812.080078,5711.640137,5785.870117,5165080000,24.87
2025/3/7,5770.200195,5783.009766,5666.290039,5726.009766,5705140000,23.37
2025/3/10,5614.560059,5705.370117,5564.02002,5705.370117,6409370000,27.86
2025/3/11,5572.069824,5636.299805,5528.410156,5603.649902,6221240000,26.92
2025/3/12,5599.299805,5642.189941,5546.089844,5624.839844,5219830000,24.23
2025/3/13,5521.52002,5597.779785,5504.649902,5594.450195,5018980000,24.66
2025/3/14,5638.939941,5645.27002,5563.850098,5563.850098,4863180000,21.77
2025/3/17,5675.120117,5703.52002,5631.120117,5635.600098,5031770000,20.51
2025/3/18,5614.660156,5654.529785,5597.759766,5654.529785,4666270000,21.7
2025/3/19,5675.290039,5715.330078,5622.200195,5632.370117,4660090000,19.9
2025/3/20,5662.890137,5711.149902,5632.330078,5646.919922,4678420000,19.8
2025/3/21,5667.560059,5670.839844,5603.100098,5630.72998,9367460000,19.28
2025/3/24,5767.569824,5775.140137,5718.080078,5718.080078,4517990000,17.48
2025/3/25,5776.649902,5786.950195,5760.419922,5775.959961,4467340000,17.15
2025/3/26,5712.200195,5783.620117,5694.410156,5771.660156,4183140000,18.33
2025/3/27,5693.310059,5732.279785,5670.939941,5695.640137,4403460000,18.69
